{
  "node": "flann_subscriber",
  "timestamp": "2026-06-11T17:16:23.962949",
  "host": "sberk",
  "python": "3.12.3",
  "pid": 43276,
  "total_wall_ms": 10816.247497999939,
  "total_cpu_ms": 6514.750120000001,
  "info": {
    "query_transport_latency_ms": "42.416",
    "query_payload_mb": "3.87",
    "large_transport_latency_ms": "242.740",
    "large_payload_mb": "62.31",
    "detected_region_corners": "(1155.7, 864.8); (1102.4, 819.1); (1056.8, 872.3); (1109.9, 917.9)",
    "raw_matches": 7695,
    "good_matches_after_ratio_test": 79,
    "ransac_inliers": 50,
    "pipeline_success": true
  },
  "stages": {
    "1_data_reconstruction": {
      "wall_ms": 132.43754600080138,
      "cpu_ms": 132.032236,
      "started_at_ms": 4479.956958999537,
      "meta": {
        "large_keypoints": 123741,
        "query_keypoints": 7695
      }
    },
    "1b_save_received_keypoints_image": {
      "wall_ms": 653.6264990008931,
      "cpu_ms": 596.961775,
      "started_at_ms": 4612.87080799957,
      "meta": {
        "files": "/home/sberk/Desktop/paralel/src/sequential/output/subscriber_1_large_received_keypoints.png, /home/sberk/Desktop/paralel/src/sequential/output/subscriber_2_query_received_keypoints.png"
      }
    },
    "2_flann_index_build": {
      "wall_ms": 0.06105399916123133,
      "cpu_ms": 0.06064699999996925,
      "started_at_ms": 5267.229282000699,
      "meta": {
        "algorithm": "KD-Tree (trees=5, checks=50)"
      }
    },
    "3_flann_knn_matching": {
      "wall_ms": 1645.7463810002082,
      "cpu_ms": 1644.89623,
      "started_at_ms": 5267.298161999861,
      "meta": {
        "raw_matches": 7695,
        "throughput": "4676 matches/s"
      }
    },
    "4_lowes_ratio_test": {
      "wall_ms": 0.45585800035041757,
      "cpu_ms": 0.4557470000001729,
      "started_at_ms": 6913.548406999325,
      "meta": {
        "good_matches": 79,
        "rejection_rate": "99.0%"
      }
    },
    "4b_save_ratio_test_image": {
      "wall_ms": 437.1972469998582,
      "cpu_ms": 387.0876929999998,
      "started_at_ms": 6914.435578000848,
      "meta": {
        "files": "/home/sberk/Desktop/paralel/src/sequential/output/subscriber_3_ratio_test_matches.png"
      }
    },
    "5_point_extraction": {
      "wall_ms": 0.4587319999700412,
      "cpu_ms": 0.45799699999982124,
      "started_at_ms": 7354.409479999958,
      "meta": {
        "point_pairs": 79
      }
    },
    "6_homography_ransac": {
      "wall_ms": 2.2333430006256094,
      "cpu_ms": 2.2344919999999213,
      "started_at_ms": 7358.1917569990765,
      "meta": {
        "inliers": "50/79 (63.3%)"
      }
    },
    "7_perspective_transform": {
      "wall_ms": 0.12764100029016845,
      "cpu_ms": 0.1253970000001381,
      "started_at_ms": 7367.903389000276,
      "meta": {}
    },
    "7b_save_ransac_stage_images": {
      "wall_ms": 785.3493550010171,
      "cpu_ms": 717.2194400000005,
      "started_at_ms": 7387.626813999304,
      "meta": {
        "files": "/home/sberk/Desktop/paralel/src/sequential/output/subscriber_4_ransac_inlier_matches.png, /home/sberk/Desktop/paralel/src/sequential/output/subscriber_5_detected_region.png"
      }
    },
    "8_final_composite_figure": {
      "wall_ms": 2637.4908550005784,
      "cpu_ms": 2726.853116,
      "started_at_ms": 8173.767234999104,
      "meta": {
        "files": "/home/sberk/Desktop/paralel/src/sequential/output/subscriber_6_matching_result.png"
      }
    }
  },
  "events_ms": {
    "received_query_features": 4198.025630999837,
    "received_large_features": 4404.974691999087,
    "matching_pipeline_started": 4405.632105999757,
    "matching_pipeline_finished": 10815.423246000137
  },
  "resources": {
    "peak_rss_mb": 698.484375,
    "user_cpu_s": 6.492714,
    "system_cpu_s": 0.53091,
    "voluntary_ctx_switches": 1642,
    "involuntary_ctx_switches": 217,
    "page_faults_minor": 241095,
    "page_faults_major": 22,
    "proc_vmsize": "2280204 kB",
    "proc_vmhwm": "715248 kB",
    "proc_vmrss": "643660 kB",
    "proc_threads": "22"
  }
}